{"cameraMode":{"drawMode":0,"name":"Shaded","section":"Shading Mode"},"sceneLighting":true,"audioPlay":false,"sceneViewState":{"showFog":true,"showMaterialUpdate":false,"showSkybox":true,"showFlares":true,"showImageEffects":true,"showParticleSystems":true},"in2DMode":false,"pivot":{"x":0.083648681640625,"y":0.12180137634277344,"z":1.815781593322754},"rotation":{"x":-0.2416680008172989,"y":0.5702368021011353,"z":-0.1803450733423233,"w":-0.7641350030899048},"size":22.0,"orthographic":false}